{"cameraMode":{"drawMode":0,"name":"Shaded","section":"Shading Mode"},"sceneLighting":true,"audioPlay":false,"sceneViewState":{"m_AlwaysRefresh":false,"showFog":true,"showSkybox":true,"showFlares":true,"showImageEffects":true,"showParticleSystems":true,"showVisualEffectGraphs":true,"m_FxEnabled":true},"in2DMode":false,"pivot":{"x":-2.0991029739379885,"y":1.4381381273269654,"z":-28.211034774780275},"rotation":{"x":-0.00022473957506008446,"y":0.9937606453895569,"z":0.0022141081281006338,"w":0.11315850168466568},"size":13.24009895324707,"orthographic":false}