{"cameraMode":{"drawMode":0,"name":"Shaded","section":"Shading Mode"},"sceneLighting":true,"audioPlay":false,"sceneViewState":{"m_AlwaysRefresh":false,"showFog":true,"showSkybox":true,"showFlares":true,"showImageEffects":true,"showParticleSystems":true,"showVisualEffectGraphs":true,"m_FxEnabled":true},"in2DMode":false,"pivot":{"x":-6.533332824707031,"y":1.4881352186203004,"z":2.605377674102783},"rotation":{"x":-0.009892072528600693,"y":-0.9883145689964294,"z":0.07777208089828491,"w":-0.13237382471561433},"size":0.762255072593689,"orthographic":false}